index,Model,Task,HR,FAR
0,Llama-3.1-8B,Cyberattack_Facilitation,1.0,1.0
1,Llama-3.1-8B,Weapons_Violence,1.0,1.0
2,Llama-3.1-8B,Manipulation_Disinformation,1.0,1.0
3,Llama-3.1-8B-Instruct,Cyberattack_Facilitation,0.373469387755102,0.12857142857142856
4,Llama-3.1-8B-Instruct,Weapons_Violence,0.1761006289308176,0.027253668763102725
5,Llama-3.1-8B-Instruct,Manipulation_Disinformation,0.23990498812351543,0.019002375296912115
6,Llama-3.2-1B,Cyberattack_Facilitation,0.9959183673469387,0.9918367346938776
7,Llama-3.2-1B,Weapons_Violence,0.9916142557651991,0.9874213836477987
8,Llama-3.2-1B,Manipulation_Disinformation,0.9738717339667459,0.9738717339667459
9,Llama-3.2-1B-Instruct,Cyberattack_Facilitation,0.6142857142857143,0.5469387755102041
10,Llama-3.2-1B-Instruct,Weapons_Violence,0.7568134171907757,0.8637316561844863
11,Llama-3.2-1B-Instruct,Manipulation_Disinformation,0.9548693586698337,0.9144893111638955
12,Qwen2-7B-Instruct,Cyberattack_Facilitation,0.9816326530612245,0.9795918367346939
13,Qwen2-7B-Instruct,Weapons_Violence,0.9203354297693921,0.8134171907756813
14,Qwen2-7B-Instruct,Manipulation_Disinformation,0.9738717339667459,0.9691211401425178
15,Qwen2-7B,Cyberattack_Facilitation,1.0,1.0
16,Qwen2-7B,Weapons_Violence,1.0,1.0
17,Qwen2-7B,Manipulation_Disinformation,1.0,1.0